{"road0": {"fileref": "", "size": 72823, "filename": "road0.png", "base64_img_data": "", "file_attributes": "", "regions": {"0": {"shape_attributes": {"name": "polygon", "all_points_x": [108, 106, 166, 166, 135], "all_points_y": [74, 200, 200, 76, 63]}, "region_attributes": {}}}}, 
"road1": {"fileref": "", "size": 182463, "filename": "road1.png", "base64_img_data": "", "file_attributes": "", "regions": {"0": {"shape_attributes": {"name": "polygon", "all_points_x": [157, 157, 215, 208], "all_points_y": [72, 276, 279, 86]}, "region_attributes": {}}}}, "road2": 
{"fileref": "", "size": 297709, "filename": "road2.png", "base64_img_data": "", "file_attributes": "", "regions": {"0": {"shape_attributes": 
{"name": "polygon", "all_points_x": [148, 149, 173, 172], "all_points_y": [272, 354, 354, 272]}, "region_attributes": {}}}}, "road3": {"fileref": "", "size": 206651, "filename": "road3.png", "base64_img_data": "", "file_attributes": "", "regions": {"0": {"shape_attributes": {"name": "polygon", "all_points_x": [196, 193, 232, 235], "all_points_y": [136, 255, 260, 139]}, "region_attributes": {}}}}, "road4": {"fileref": "", "size": 171571, "filename": "road4.png", "base64_img_data": "", "file_attributes": "", "regions": {"0": {"shape_attributes": {"name": "polygon", "all_points_x": [118, 121, 160, 160], "all_points_y": [166, 263, 264, 170]}, "region_attributes": {}}, "1": {"shape_attributes": {"name": "polygon", "all_points_x": [192, 191, 232, 232], "all_points_y": [194, 287, 289, 198]}, "region_attributes": {}}, "2": {"shape_attributes": {"name": "polygon", "all_points_x": [26, 25, 82, 75], "all_points_y": [113, 227, 228, 116]}, "region_attributes": {}}}}, "road5": {"fileref": "", "size": 187791, "filename": "road5.png", "base64_img_data": "", "file_attributes": "", "regions": {"0": {"shape_attributes": {"name": 
"polygon", "all_points_x": [58, 53, 210, 192], "all_points_y": [50, 280, 281, 61]}, "region_attributes": {}}}}, "road6": {"fileref": "", "size": 151294, "filename": "road6.png", "base64_img_data": "", "file_attributes": "", "regions": {"0": {"shape_attributes": {"name": "polygon", 
"all_points_x": [104, 102, 149, 150], "all_points_y": [160, 315, 326, 164]}, "region_attributes": {}}}}, "road7": {"fileref": "", "size": 348092, "filename": "road7.png", "base64_img_data": "", "file_attributes": "", "regions": {"0": {"shape_attributes": {"name": "polygon", "all_points_x": [124, 131, 157, 150], "all_points_y": [152, 214, 212, 152]}, "region_attributes": {}}, "1": {"shape_attributes": {"name": "polygon", "all_points_x": [248, 250, 268, 263], "all_points_y": [270, 298, 298, 266]}, "region_attributes": {}}}}, "road8": {"fileref": "", "size": 261917, "filename": "road8.png", "base64_img_data": "", "file_attributes": "", "regions": {"0": {"shape_attributes": {"name": "polygon", "all_points_x": [102, 92, 118, 126], "all_points_y": [77, 126, 139, 83]}, "region_attributes": {}}, "1": {"shape_attributes": {"name": "polygon", "all_points_x": [249, 245, 267, 270], "all_points_y": [107, 157, 160, 112]}, "region_attributes": {}}}}, "road9": {"fileref": "", "size": 183223, "filename": "road9.png", "base64_img_data": "", "file_attributes": "", "regions": {"0": {"shape_attributes": {"name": "polygon", "all_points_x": [93, 87, 155, 155], "all_points_y": [127, 314, 318, 132]}, "region_attributes": {}}}}, "road10": {"fileref": "", "size": 133032, "filename": "road10.png", "base64_img_data": "", "file_attributes": "", "regions": {"0": {"shape_attributes": {"name": "polygon", "all_points_x": [133, 124, 240, 235], "all_points_y": [24, 264, 258, 2]}, "region_attributes": {}}}}, "road11": {"fileref": "", "size": 210701, "filename": 
"road11.png", "base64_img_data": "", "file_attributes": "", "regions": {"0": {"shape_attributes": {"name": "polygon", "all_points_x": [190, 189, 208, 205], "all_points_y": [101, 129, 129, 99]}, "region_attributes": {}}, "1": {"shape_attributes": {"name": "polygon", "all_points_x": 
[320, 315, 335, 335], "all_points_y": [173, 204, 201, 176]}, "region_attributes": {}}}}, "road12": {"fileref": "", "size": 263305, "filename": "road12.png", "base64_img_data": "", "file_attributes": "", "regions": {"0": {"shape_attributes": {"name": "polygon", "all_points_x": [295, 296, 317, 314], "all_points_y": [99, 133, 134, 97]}, "region_attributes": {}}, "1": {"shape_attributes": {"name": "polygon", "all_points_x": [138, 136, 154, 156], "all_points_y": [92, 132, 133, 92]}, "region_attributes": {}}}}, "road13": {"fileref": "", "size": 163950, "filename": "road13.png", "base64_img_data": "", "file_attributes": "", "regions": {"0": {"shape_attributes": {"name": "polygon", "all_points_x": [86, 97, 192, 191], "all_points_y": [88, 339, 341, 89]}, "region_attributes": {}}}}, "road14": {"fileref": "", "size": 235924, "filename": "road14.png", "base64_img_data": "", "file_attributes": "", "regions": {"0": {"shape_attributes": {"name": "polygon", "all_points_x": [157, 161, 219, 208], "all_points_y": [205, 333, 332, 202]}, "region_attributes": {}}}}, "road15": {"fileref": "", "size": 275671, "filename": "road15.png", "base64_img_data": "", "file_attributes": "", "regions": {"0": {"shape_attributes": {"name": "polygon", "all_points_x": [188, 184, 202, 204], "all_points_y": [104, 153, 153, 104]}, "region_attributes": {}}, "1": {"shape_attributes": {"name": "polygon", "all_points_x": [207, 206, 225, 225], "all_points_y": [109, 152, 154, 109]}, "region_attributes": {}}}}, "road16": {"fileref": "", "size": 221375, "filename": "road16.png", "base64_img_data": "", "file_attributes": "", "regions": {"0": {"shape_attributes": {"name": "polygon", "all_points_x": [228, 227, 238, 241], "all_points_y": [45, 79, 80, 44]}, "region_attributes": {}}}}, "road17": {"fileref": "", "size": 294124, "filename": "road17.png", "base64_img_data": "", "file_attributes": "", "regions": {"0": {"shape_attributes": {"name": "polygon", "all_points_x": [130, 133, 148, 144], "all_points_y": [119, 166, 164, 116]}, "region_attributes": {}}, "1": {"shape_attributes": {"name": "polygon", "all_points_x": [106, 108, 125, 121], "all_points_y": [129, 166, 163, 123]}, "region_attributes": {}}}}, "road18": {"fileref": "", "size": 176091, "filename": "road18.png", "base64_img_data": "", "file_attributes": "", "regions": {"0": {"shape_attributes": {"name": "polygon", "all_points_x": [105, 112, 208, 204], "all_points_y": [49, 282, 276, 54]}, "region_attributes": {}}}}, "road19": {"fileref": "", "size": 226921, "filename": "road19.png", "base64_img_data": "", "file_attributes": "", "regions": {"0": {"shape_attributes": {"name": "polygon", "all_points_x": [101, 99, 122, 119], "all_points_y": [105, 159, 158, 104]}, "region_attributes": {}}}}, "road20": {"fileref": "", "size": 214081, "filename": "road20.png", "base64_img_data": "", "file_attributes": "", "regions": {"0": {"shape_attributes": {"name": "polygon", "all_points_x": [136, 139, 181, 182], "all_points_y": [126, 268, 271, 136]}, "region_attributes": {}}}}, "road21": {"fileref": "", "size": 297128, "filename": "road21.png", "base64_img_data": "", "file_attributes": "", "regions": {"0": {"shape_attributes": {"name": "polygon", "all_points_x": [154, 157, 146, 135], "all_points_y": [56, 92, 99, 55]}, "region_attributes": {}}, "1": {"shape_attributes": {"name": "polygon", "all_points_x": [163, 166, 186, 184], "all_points_y": [62, 101, 103, 62]}, "region_attributes": {}}, "2": {"shape_attributes": {"name": "polygon", "all_points_x": [97, 98, 107, 107], "all_points_y": [178, 197, 198, 177]}, "region_attributes": {}}, "3": {"shape_attributes": {"name": "polygon", "all_points_x": [84, 84, 93, 93], "all_points_y": [177, 199, 198, 174]}, "region_attributes": {}}}}, "road22": {"fileref": "", "size": 307960, "filename": "road22.png", "base64_img_data": "", "file_attributes": "", "regions": {"0": {"shape_attributes": {"name": "polygon", "all_points_x": [110, 110, 149, 153], "all_points_y": [48, 176, 179, 46]}, "region_attributes": {}}, "1": {"shape_attributes": {"name": "polygon", "all_points_x": [186, 145, 146, 187, 247, 288, 285, 243], "all_points_y": [230, 266, 329, 371, 374, 326, 268, 231]}, "region_attributes": {}}}}, "road23": {"fileref": "", "size": 245586, "filename": "road23.png", "base64_img_data": "", "file_attributes": "", "regions": {"0": {"shape_attributes": {"name": "polygon", "all_points_x": [217, 218, 242, 239], "all_points_y": [129, 182, 179, 125]}, "region_attributes": {}}}}, "road24": {"fileref": "", "size": 230059, "filename": "road24.png", "base64_img_data": "", "file_attributes": "", "regions": {"0": {"shape_attributes": {"name": "polygon", "all_points_x": [75, 73, 119, 123], "all_points_y": [181, 277, 281, 181]}, "region_attributes": {}}, "1": {"shape_attributes": {"name": "polygon", "all_points_x": [75, 72, 120, 127], "all_points_y": [179, 281, 284, 176]}, "region_attributes": {}}}}, "road25": {"fileref": "", "size": 287763, "filename": "road25.png", "base64_img_data": "", "file_attributes": "", "regions": {"0": {"shape_attributes": {"name": "polygon", "all_points_x": [264, 263, 274, 274], "all_points_y": [112, 139, 140, 112]}, "region_attributes": {}}, "1": {"shape_attributes": {"name": "polygon", "all_points_x": [289, 289, 299, 298], "all_points_y": [114, 140, 141, 115]}, "region_attributes": {}}, "2": {"shape_attributes": {"name": "polygon", "all_points_x": [321, 327, 337, 333], "all_points_y": [141, 170, 168, 138]}, "region_attributes": {}}}}, "road26": {"fileref": "", "size": 232012, "filename": "road26.png", "base64_img_data": "", "file_attributes": "", "regions": {"0": {"shape_attributes": {"name": "polygon", "all_points_x": [100, 106, 142, 139], "all_points_y": [91, 213, 213, 87]}, "region_attributes": {}}, "1": {"shape_attributes": {"name": "polygon", "all_points_x": [63, 68, 102, 95], "all_points_y": [94, 215, 214, 88]}, "region_attributes": {}}}}, "road27": {"fileref": "", "size": 141117, "filename": "road27.png", "base64_img_data": "", "file_attributes": "", "regions": {"0": {"shape_attributes": {"name": "polygon", "all_points_x": [88, 88, 112, 109], "all_points_y": [161, 222, 228, 161]}, "region_attributes": {}}, "1": {"shape_attributes": {"name": "polygon", "all_points_x": [63, 64, 87, 86], "all_points_y": [172, 235, 227, 167]}, "region_attributes": {}}}}, "road28": {"fileref": "", "size": 221251, 
"filename": "road28.png", "base64_img_data": "", "file_attributes": "", "regions": {"0": {"shape_attributes": {"name": "polygon", "all_points_x": [174, 175, 186, 186], "all_points_y": [4, 34, 33, 3]}, "region_attributes": {}}, "1": {"shape_attributes": {"name": "polygon", "all_points_x": [278, 277, 289, 290], "all_points_y": [59, 92, 90, 58]}, "region_attributes": {}}, "2": {"shape_attributes": {"name": "polygon", "all_points_x": [263, 263, 274, 273], "all_points_y": [64, 88, 89, 62]}, "region_attributes": {}}}}, "road29": {"fileref": "", "size": 300647, "filename": "road29.png", "base64_img_data": "", "file_attributes": "", "regions": {"0": {"shape_attributes": {"name": "polygon", "all_points_x": [145, 221, 210, 114], "all_points_y": [46, 72, 120, 95]}, "region_attributes": {}}}}, "road30": {"fileref": "", "size": 139503, "filename": "road30.png", "base64_img_data": "", "file_attributes": "", "regions": {"0": {"shape_attributes": {"name": "polygon", "all_points_x": [42, 49, 96, 93], "all_points_y": [12, 111, 117, 25]}, "region_attributes": {}}}}, "road31": {"fileref": "", "size": 374903, "filename": "road31.png", "base64_img_data": "", "file_attributes": "", "regions": {"0": {"shape_attributes": {"name": "polygon", "all_points_x": [216, 215, 233, 232], "all_points_y": [133, 187, 192, 132]}, "region_attributes": {}}, "1": {"shape_attributes": {"name": "polygon", "all_points_x": [202, 207, 176, 175], "all_points_y": [129, 189, 188, 129]}, "region_attributes": {}}}}, "road32": {"fileref": "", "size": 154875, "filename": "road32.png", "base64_img_data": "", "file_attributes": "", "regions": {"0": {"shape_attributes": {"name": "polygon", "all_points_x": [188, 198, 52, 70], "all_points_y": [65, 305, 326, 34]}, "region_attributes": {}}}}, "road33": {"fileref": "", "size": 236390, "filename": "road33.png", "base64_img_data": "", "file_attributes": "", "regions": {"0": {"shape_attributes": {"name": "polygon", "all_points_x": [28, 31, 168, 166], "all_points_y": [10, 345, 375, 50]}, "region_attributes": {}}}}, "road34": {"fileref": "", "size": 234065, "filename": "road34.png", "base64_img_data": "", "file_attributes": "", "regions": {"0": {"shape_attributes": {"name": "polygon", "all_points_x": [31, 28, 170, 166], "all_points_y": [11, 344, 378, 56]}, "region_attributes": {}}}}, "road35": {"fileref": "", "size": 123675, "filename": "road35.png", "base64_img_data": "", "file_attributes": "", "regions": {"0": {"shape_attributes": {"name": "polygon", "all_points_x": [80, 80, 185, 182], "all_points_y": [87, 
119, 120, 90]}, "region_attributes": {}}}}, "road36": {"fileref": "", "size": 129048, "filename": "road36.png", "base64_img_data": "", "file_attributes": "", "regions": {"0": {"shape_attributes": {"name": "polygon", "all_points_x": [57, 52, 92, 96], "all_points_y": [111, 193, 192, 
105]}, "region_attributes": {}}, "1": {"shape_attributes": {"name": "polygon", "all_points_x": [108, 102, 140, 142], "all_points_y": [97, 174, 181, 92]}, "region_attributes": {}}, "2": {"shape_attributes": {"name": "polygon", "all_points_x": [149, 146, 171, 168], "all_points_y": [120, 192, 197, 118]}, "region_attributes": {}}}}, "road37": {"fileref": "", "size": 138896, "filename": "road37.png", "base64_img_data": "", "file_attributes": "", "regions": {"0": {"shape_attributes": {"name": "polygon", "all_points_x": [120, 118, 151, 155], "all_points_y": [106, 221, 223, 114]}, "region_attributes": {}}}}, "road38": {"fileref": "", "size": 230427, "filename": "road38.png", "base64_img_data": "", "file_attributes": "", "regions": {"0": {"shape_attributes": {"name": "polygon", "all_points_x": [282, 292, 332, 332], "all_points_y": [146, 246, 245, 143]}, "region_attributes": {}}, "1": {"shape_attributes": {"name": "polygon", "all_points_x": [74, 79, 42, 38], "all_points_y": [2, 90, 
99, 8]}, "region_attributes": {}}}}, "road39": {"fileref": "", "size": 216686, "filename": "road39.png", "base64_img_data": "", "file_attributes": "", "regions": {"0": {"shape_attributes": {"name": "polygon", "all_points_x": [208, 215, 96, 99], "all_points_y": [51, 365, 365, 41]}, 
"region_attributes": {}}}}, "road40": {"fileref": "", "size": 291883, "filename": "road40.png", "base64_img_data": "", "file_attributes": "", "regions": {"0": {"shape_attributes": {"name": "polygon", "all_points_x": [50, 54, 75, 74], "all_points_y": [7, 77, 76, 7]}, "region_attributes": {}}, "1": {"shape_attributes": {"name": "polygon", "all_points_x": [109, 109, 128, 128], "all_points_y": [19, 84, 86, 22]}, "region_attributes": {}}, "2": {"shape_attributes": {"name": "polygon", "all_points_x": [160, 162, 181, 179], "all_points_y": [30, 91, 93, 34]}, "region_attributes": {}}}}, "road41": {"fileref": "", "size": 309574, "filename": "road41.png", "base64_img_data": "", "file_attributes": "", "regions": {"0": {"shape_attributes": {"name": "polygon", "all_points_x": [188, 191, 217, 213], "all_points_y": [6, 73, 70, 2]}, "region_attributes": {}}}}, "road42": {"fileref": "", "size": 99296, "filename": "road42.png", "base64_img_data": "", "file_attributes": "", "regions": {"0": {"shape_attributes": {"name": "polygon", "all_points_x": [217, 221, 183, 180], "all_points_y": [190, 299, 297, 190]}, "region_attributes": {}}, "1": {"shape_attributes": {"name": "polygon", "all_points_x": [128, 134, 175, 174], "all_points_y": [194, 294, 290, 191]}, "region_attributes": {}}}}, "road43": {"fileref": "", "size": 227372, "filename": "road43.png", "base64_img_data": "", "file_attributes": "", "regions": {"0": {"shape_attributes": {"name": "polygon", "all_points_x": [11, 11, 24, 23], "all_points_y": [94, 122, 122, 94]}, "region_attributes": {}}, "1": {"shape_attributes": {"name": "polygon", "all_points_x": [92, 92, 104, 104], "all_points_y": [89, 115, 116, 88]}, "region_attributes": {}}, "2": {"shape_attributes": {"name": "polygon", "all_points_x": [178, 178, 191, 190], "all_points_y": [82, 110, 111, 82]}, "region_attributes": {}}, "3": {"shape_attributes": {"name": "polygon", "all_points_x": [266, 266, 275, 274], "all_points_y": [131, 150, 151, 132]}, "region_attributes": {}}, "4": {"shape_attributes": {"name": "polygon", "all_points_x": [330, 331, 340, 340], "all_points_y": [131, 151, 151, 130]}, "region_attributes": {}}}}, 
"road44": {"fileref": "", "size": 250992, "filename": "road44.png", "base64_img_data": "", "file_attributes": "", "regions": {"0": {"shape_attributes": {"name": "polygon", "all_points_x": [99, 95, 112, 117], "all_points_y": [53, 90, 94, 59]}, "region_attributes": {}}, "1": {"shape_attributes": {"name": "polygon", "all_points_x": [193, 192, 208, 208], "all_points_y": [91, 118, 121, 96]}, "region_attributes": {}}}}, "road45": {"fileref": "", "size": 280266, "filename": "road45.png", "base64_img_data": "", "file_attributes": "", "regions": {"0": {"shape_attributes": {"name": "polygon", "all_points_x": [188, 189, 155, 154], "all_points_y": [81, 147, 149, 80]}, "region_attributes": {}}}}, "road46": {"fileref": "", "size": 190399, "filename": "road46.png", "base64_img_data": "", "file_attributes": "", "regions": {"0": {"shape_attributes": {"name": "polygon", "all_points_x": [83, 79, 122, 130], "all_points_y": [180, 278, 282, 181]}, "region_attributes": {}}}}, "road47": {"fileref": "", "size": 91107, "filename": "road47.png", "base64_img_data": "", "file_attributes": "", "regions": {"0": {"shape_attributes": {"name": 
"polygon", "all_points_x": [323, 323, 235, 239], "all_points_y": [35, 263, 263, 30]}, "region_attributes": {}}}}, "road48": {"fileref": "", "size": 99294, "filename": "road48.png", "base64_img_data": "", "file_attributes": "", "regions": {"0": {"shape_attributes": {"name": "polygon", "all_points_x": [173, 176, 128, 126], "all_points_y": [194, 290, 291, 190]}, "region_attributes": {}}, "1": {"shape_attributes": {"name": 
"polygon", "all_points_x": [215, 216, 185, 182], "all_points_y": [190, 293, 292, 190]}, "region_attributes": {}}}}, "road49": {"fileref": "", "size": 294370, "filename": "road49.png", "base64_img_data": "", "file_attributes": "", "regions": {"0": {"shape_attributes": {"name": "polygon", "all_points_x": [97, 96, 120, 121], "all_points_y": [37, 112, 114, 41]}, "region_attributes": {}}}}, "road50": {"fileref": "", "size": 
251737, "filename": "road50.png", "base64_img_data": "", "file_attributes": "", "regions": {"0": {"shape_attributes": {"name": "polygon", "all_points_x": [137, 139, 153, 151], "all_points_y": [104, 152, 151, 104]}, "region_attributes": {}}}}, "road51": {"fileref": "", "size": 454160, "filename": "road51.png", "base64_img_data": "", "file_attributes": "", "regions": {"0": {"shape_attributes": {"name": "polygon", "all_points_x": [194, 191, 246, 248], "all_points_y": [137, 262, 263, 137]}, "region_attributes": {}}}}, "road52": {"fileref": "", "size": 131277, "filename": "road52.png", "base64_img_data": "", "file_attributes": "", "regions": {"0": {"shape_attributes": {"name": "polygon", "all_points_x": [104, 49, 45, 104, 187, 246, 243, 185], "all_points_y": [175, 229, 306, 363, 363, 306, 229, 170]}, "region_attributes": {}}}}, "road53": {"fileref": "", "size": 194319, "filename": "road53.png", "base64_img_data": "", "file_attributes": "", "regions": {"0": {"shape_attributes": 
{"name": "polygon", "all_points_x": [101, 135, 135, 101, 46, 14, 12, 49], "all_points_y": [113, 147, 200, 237, 240, 205, 155, 118]}, "region_attributes": {}}}}, "road54": {"fileref": "", "size": 252494, "filename": "road54.png", "base64_img_data": "", "file_attributes": "", "regions": {"0": {"shape_attributes": {"name": "polygon", "all_points_x": [116, 197, 248, 249, 195, 112, 49, 54], "all_points_y": [66, 71, 130, 210, 266, 266, 204, 117]}, "region_attributes": {}}}}, "road55": {"fileref": "", "size": 143948, "filename": "road55.png", "base64_img_data": "", "file_attributes": "", "regions": {"0": {"shape_attributes": {"name": "polygon", "all_points_x": [143, 177, 199, 198, 178, 144, 120, 120], "all_points_y": [89, 96, 123, 156, 177, 176, 148, 110]}, "region_attributes": {}}}}, "road56": {"fileref": "", "size": 257539, "filename": "road56.png", "base64_img_data": "", "file_attributes": "", "regions": {"0": {"shape_attributes": {"name": "polygon", "all_points_x": [131, 176, 213, 211, 178, 132, 102, 101], "all_points_y": [97, 101, 134, 181, 210, 210, 177, 131]}, "region_attributes": {}}}}, "road57": {"fileref": "", "size": 192434, "filename": "road57.png", "base64_img_data": "", "file_attributes": "", "regions": {"0": {"shape_attributes": {"name": "polygon", "all_points_x": [105, 204, 276, 279, 208, 100, 34, 37], "all_points_y": [40, 40, 102, 196, 266, 268, 198, 99]}, "region_attributes": 
{}}}}, "road58": {"fileref": "", "size": 177873, "filename": "road58.png", "base64_img_data": "", "file_attributes": "", "regions": {"0": {"shape_attributes": {"name": "polygon", "all_points_x": [142, 249, 327, 326, 249, 146, 68, 65], "all_points_y": [31, 28, 103, 217, 291, 291, 219, 103]}, "region_attributes": {}}}}, "road59": {"fileref": "", "size": 227462, "filename": "road59.png", "base64_img_data": "", "file_attributes": "", "regions": {"0": {"shape_attributes": {"name": "polygon", "all_points_x": [237, 314, 370, 371, 320, 240, 183, 186], "all_points_y": [62, 60, 113, 187, 241, 242, 184, 116]}, "region_attributes": {}}}}, "road60": {"fileref": "", "size": 170144, "filename": "road60.png", "base64_img_data": "", "file_attributes": "", "regions": {"0": {"shape_attributes": {"name": "polygon", "all_points_x": [120, 279, 385, 380, 271, 121, 18, 15], "all_points_y": [15, 17, 130, 288, 388, 383, 277, 121]}, "region_attributes": {}}}}, "road61": {"fileref": "", "size": 159466, "filename": "road61.png", "base64_img_data": "", "file_attributes": "", "regions": {"0": {"shape_attributes": {"name": "polygon", "all_points_x": [145, 255, 335, 340, 255, 140, 62, 67], "all_points_y": [37, 34, 109, 217, 295, 291, 216, 109]}, "region_attributes": {}}}}, "road62": {"fileref": "", "size": 146179, "filename": "road62.png", "base64_img_data": "", "file_attributes": "", "regions": {"0": {"shape_attributes": {"name": "polygon", "all_points_x": [152, 192, 212, 213, 190, 155, 129, 127], "all_points_y": [116, 116, 143, 176, 199, 200, 179, 141]}, "region_attributes": {}}}}, "road63": {"fileref": "", "size": 154185, "filename": "road63.png", "base64_img_data": "", "file_attributes": "", 
"regions": {"0": {"shape_attributes": {"name": "polygon", "all_points_x": [186, 257, 305, 324, 295, 220, 146, 139], "all_points_y": [35, 63, 
123, 200, 250, 238, 150, 63]}, "region_attributes": {}}}}, "road64": {"fileref": "", "size": 178623, "filename": "road64.png", "base64_img_data": "", "file_attributes": "", "regions": {"0": {"shape_attributes": {"name": "polygon", "all_points_x": [157, 264, 352, 376, 293, 154, 61, 
74], "all_points_y": [14, 14, 72, 178, 275, 278, 187, 81]}, "region_attributes": {}}}}, "road65": {"fileref": "", "size": 276090, "filename": "road65.png", "base64_img_data": "", "file_attributes": "", "regions": {"0": {"shape_attributes": {"name": "polygon", "all_points_x": [115, 
163, 198, 198, 165, 117, 81, 80], "all_points_y": [125, 124, 157, 204, 239, 239, 202, 154]}, "region_attributes": {}}}}, "road66": {"fileref": "", "size": 305783, "filename": "road66.png", "base64_img_data": "", "file_attributes": "", "regions": {"0": {"shape_attributes": {"name": 
"polygon", "all_points_x": [165, 245, 301, 305, 248, 160, 101, 108], "all_points_y": [31, 28, 78, 162, 219, 222, 166, 88]}, "region_attributes": {}}}}, "road67": {"fileref": "", "size": 230349, "filename": "road67.png", "base64_img_data": "", "file_attributes": "", "regions": {"0": {"shape_attributes": {"name": "polygon", "all_points_x": [158, 214, 254, 257, 218, 161, 120, 118], "all_points_y": [74, 72, 114, 172, 214, 212, 174, 112]}, "region_attributes": {}}}}, "road68": {"fileref": "", "size": 178381, "filename": "road68.png", "base64_img_data": "", "file_attributes": "", "regions": {"0": {"shape_attributes": {"name": "polygon", "all_points_x": [107, 199, 262, 265, 196, 96, 35, 38], "all_points_y": [31, 32, 96, 182, 246, 242, 173, 91]}, "region_attributes": {}}}}, "road69": {"fileref": "", "size": 111431, "filename": "road69.png", "base64_img_data": "", "file_attributes": "", "regions": {"0": {"shape_attributes": {"name": "polygon", "all_points_x": [162, 240, 303, 308, 246, 156, 93, 98], "all_points_y": [68, 68, 119, 190, 246, 245, 187, 113]}, "region_attributes": {}}}}, "road70": {"fileref": "", "size": 142500, "filename": "road70.png", "base64_img_data": "", "file_attributes": "", "regions": {"0": {"shape_attributes": {"name": "polygon", "all_points_x": [225, 268, 285, 261, 207, 160, 152, 181], "all_points_y": [77, 88, 118, 148, 162, 147, 113, 88]}, "region_attributes": {}}}}, "road71": {"fileref": "", "size": 202981, "filename": "road71.png", "base64_img_data": "", "file_attributes": "", "regions": {"0": {"shape_attributes": {"name": "polygon", "all_points_x": [114, 166, 197, 193, 156, 100, 63, 72], "all_points_y": [59, 68, 109, 168, 202, 196, 149, 93]}, "region_attributes": {}}}}, "road72": {"fileref": "", "size": 180023, "filename": "road72.png", "base64_img_data": "", "file_attributes": "", "regions": {"0": {"shape_attributes": {"name": "polygon", "all_points_x": [308, 358, 393, 396, 382, 289, 276, 274], "all_points_y": [176, 175, 203, 253, 271, 271, 261, 202]}, "region_attributes": {}}}}, "road73": {"fileref": "", "size": 192215, "filename": "road73.png", "base64_img_data": "", "file_attributes": "", "regions": {"0": {"shape_attributes": {"name": "polygon", "all_points_x": [221, 286, 339, 338, 290, 221, 175, 174], "all_points_y": [43, 37, 91, 170, 222, 217, 164, 94]}, "region_attributes": {}}}}, "road74": {"fileref": "", "size": 188294, "filename": "road74.png", "base64_img_data": "", "file_attributes": "", "regions": {"0": {"shape_attributes": {"name": "polygon", "all_points_x": [252, 307, 346, 348, 307, 253, 217, 216], "all_points_y": [25, 24, 63, 115, 154, 155, 119, 64]}, "region_attributes": {}}}}, "road75": {"fileref": "", "size": 175586, "filename": "road75.png", "base64_img_data": "", "file_attributes": "", "regions": {"0": {"shape_attributes": {"name": 
"polygon", "all_points_x": [262, 298, 327, 325, 299, 261, 234, 236], "all_points_y": [68, 69, 97, 132, 159, 159, 131, 93]}, "region_attributes": {}}}}, "road76": {"fileref": "", "size": 129774, "filename": "road76.png", "base64_img_data": "", "file_attributes": "", "regions": {"0": {"shape_attributes": {"name": "polygon", "all_points_x": [70, 122, 159, 157, 123, 70, 28, 30], "all_points_y": [95, 99, 142, 194, 230, 227, 
189, 128]}, "region_attributes": {}}}}, "road77": {"fileref": "", "size": 291906, "filename": "road77.png", "base64_img_data": "", "file_attributes": "", "regions": {"0": {"shape_attributes": {"name": "polygon", "all_points_x": [217, 286, 352, 372, 324, 240, 183, 175], "all_points_y": [49, 17, 43, 125, 205, 229, 191, 119]}, "region_attributes": {}}}}, "road78": {"fileref": "", "size": 257486, "filename": "road78.png", "base64_img_data": "", "file_attributes": "", "regions": {"0": {"shape_attributes": {"name": "polygon", "all_points_x": [98, 129, 150, 150, 129, 97, 76, 76], "all_points_y": [39, 39, 59, 86, 109, 108, 90, 59]}, "region_attributes": {}}}}, "road79": {"fileref": "", "size": 143268, "filename": "road79.png", "base64_img_data": "", "file_attributes": "", "regions": {"0": {"shape_attributes": {"name": "polygon", "all_points_x": [161, 247, 306, 304, 234, 138, 83, 93], "all_points_y": [29, 28, 83, 167, 236, 235, 173, 83]}, "region_attributes": {}}}}, "road80": {"fileref": "", "size": 178343, "filename": "road80.png", "base64_img_data": "", "file_attributes": "", "regions": {"0": {"shape_attributes": {"name": "polygon", "all_points_x": [129, 269, 372, 368, 271, 129, 25, 25], "all_points_y": [27, 24, 122, 270, 369, 369, 271, 124]}, "region_attributes": {}}}}, "road81": {"fileref": "", "size": 88778, "filename": "road81.png", "base64_img_data": "", "file_attributes": 
"", "regions": {"0": {"shape_attributes": {"name": "polygon", "all_points_x": [114, 167, 212, 216, 180, 122, 77, 75], "all_points_y": [46, 50, 88, 142, 184, 185, 142, 80]}, "region_attributes": {}}}}, "road82": {"fileref": "", "size": 272936, "filename": "road82.png", "base64_img_data": "", "file_attributes": "", "regions": {"0": {"shape_attributes": {"name": "polygon", "all_points_x": [109, 162, 203, 201, 165, 112, 68, 69], "all_points_y": [61, 64, 108, 164, 202, 200, 161, 100]}, "region_attributes": {}}}}, "road83": {"fileref": "", "size": 316416, "filename": "road83.png", "base64_img_data": "", "file_attributes": "", "regions": {"0": {"shape_attributes": {"name": "polygon", "all_points_x": [199, 217, 231, 228, 216, 196, 186, 185], "all_points_y": [169, 172, 187, 207, 217, 215, 204, 182]}, "region_attributes": {}}}}, "road84": {"fileref": "", "size": 226039, "filename": "road84.png", "base64_img_data": "", "file_attributes": "", "regions": {"0": {"shape_attributes": {"name": "polygon", "all_points_x": [119, 145, 165, 166, 149, 122, 101, 100], "all_points_y": [88, 85, 104, 126, 148, 152, 134, 107]}, "region_attributes": {}}}}, "road85": {"fileref": "", "size": 254904, "filename": "road85.png", "base64_img_data": "", "file_attributes": "", "regions": {"0": {"shape_attributes": {"name": "polygon", "all_points_x": [130, 185, 224, 226, 188, 128, 84, 92], "all_points_y": [150, 152, 187, 240, 286, 282, 238, 186]}, "region_attributes": {}}}}, "road86": {"fileref": "", "size": 220568, "filename": "road86.png", "base64_img_data": "", "file_attributes": "", "regions": {"0": {"shape_attributes": {"name": "polygon", "all_points_x": [178, 221, 252, 254, 222, 176, 146, 147], "all_points_y": [86, 85, 114, 157, 190, 190, 159, 115]}, "region_attributes": {}}}}, "road87": {"fileref": "", "size": 178844, "filename": "road87.png", "base64_img_data": "", "file_attributes": "", "regions": {"0": {"shape_attributes": {"name": "polygon", "all_points_x": [176, 223, 254, 255, 223, 178, 145, 145], "all_points_y": [76, 76, 110, 155, 187, 186, 155, 107]}, "region_attributes": {}}}}, "road88": {"fileref": "", "size": 319653, "filename": "road88.png", "base64_img_data": "", "file_attributes": "", "regions": {"0": {"shape_attributes": {"name": "polygon", "all_points_x": [135, 163, 182, 180, 158, 131, 111, 114], "all_points_y": [147, 149, 172, 201, 220, 216, 195, 167]}, "region_attributes": {}}}}, "road89": {"fileref": "", "size": 225183, "filename": "road89.png", "base64_img_data": "", "file_attributes": "", "regions": {"0": {"shape_attributes": {"name": "polygon", "all_points_x": [252, 267, 286, 302, 301, 287, 267, 253], "all_points_y": [53, 39, 39, 56, 76, 89, 
89, 73]}, "region_attributes": {}}}}, "road90": {"fileref": "", "size": 74924, "filename": "road90.png", "base64_img_data": "", "file_attributes": "", "regions": {"0": {"shape_attributes": {"name": "polygon", "all_points_x": [204, 231, 245, 238, 217, 191, 176, 182], "all_points_y": [96, 103, 127, 152, 167, 163, 139, 110]}, "region_attributes": {}}}}, "road91": {"fileref": "", "size": 147593, "filename": "road91.png", "base64_img_data": "", "file_attributes": "", "regions": {"0": {"shape_attributes": {"name": "polygon", "all_points_x": [184, 221, 246, 245, 220, 182, 160, 160], "all_points_y": [248, 245, 275, 318, 352, 355, 324, 279]}, "region_attributes": {}}}}, "road92": {"fileref": "", "size": 261212, "filename": "road92.png", "base64_img_data": "", "file_attributes": "", "regions": {"0": {"shape_attributes": {"name": "polygon", "all_points_x": [167, 221, 260, 262, 227, 171, 132, 131], "all_points_y": [38, 42, 93, 162, 210, 209, 161, 87]}, "region_attributes": {}}}}, "road93": {"fileref": "", "size": 189170, "filename": "road93.png", "base64_img_data": "", "file_attributes": "", "regions": {"0": {"shape_attributes": {"name": "polygon", "all_points_x": [235, 302, 350, 347, 301, 232, 184, 187], "all_points_y": [29, 31, 81, 148, 196, 193, 144, 72]}, "region_attributes": {}}}}, "road94": {"fileref": "", "size": 87883, "filename": "road94.png", "base64_img_data": "", "file_attributes": "", "regions": {"0": {"shape_attributes": {"name": "polygon", "all_points_x": [165, 237, 297, 307, 247, 152, 102, 112], "all_points_y": [77, 69, 102, 169, 235, 239, 187, 122]}, "region_attributes": {}}}}, "road95": {"fileref": "", "size": 115472, "filename": "road95.png", "base64_img_data": "", "file_attributes": "", "regions": {"0": {"shape_attributes": {"name": "polygon", "all_points_x": [148, 207, 256, 262, 224, 150, 104, 102], "all_points_y": [113, 104, 133, 191, 224, 233, 204, 153]}, "region_attributes": {}}}}, "road96": {"fileref": "", "size": 288350, "filename": "road96.png", "base64_img_data": "", "file_attributes": "", "regions": {"0": {"shape_attributes": {"name": "polygon", "all_points_x": 
[244, 287, 320, 320, 288, 244, 215, 214], "all_points_y": [61, 59, 90, 140, 172, 174, 144, 94]}, "region_attributes": {}}}}, "road97": {"fileref": "", "size": 183052, "filename": "road97.png", "base64_img_data": "", "file_attributes": "", "regions": {"0": {"shape_attributes": {"name": "polygon", "all_points_x": [71, 103, 127, 127, 105, 71, 47, 47], "all_points_y": [72, 73, 96, 129, 151, 151, 127, 92]}, "region_attributes": {}}}}, "road98": {"fileref": "", "size": 141822, "filename": "road98.png", "base64_img_data": "", "file_attributes": "", "regions": {"0": {"shape_attributes": {"name": "polygon", "all_points_x": [207, 141, 142, 209, 306, 371, 365, 297], "all_points_y": [21, 80, 171, 235, 236, 170, 81, 22]}, "region_attributes": {}}}}, "road99": {"fileref": "", "size": 213544, "filename": "road99.png", "base64_img_data": "", "file_attributes": "", "regions": {"0": {"shape_attributes": {"name": "polygon", "all_points_x": [99, 48, 48, 97, 165, 214, 214, 166], "all_points_y": [39, 90, 159, 210, 209, 159, 91, 44]}, "region_attributes": {}}}}, "road100": {"fileref": "", "size": 241647, "filename": "road100.png", "base64_img_data": "", "file_attributes": "", "regions": {"0": {"shape_attributes": {"name": "polygon", "all_points_x": [194, 165, 138, 111, 91, 77, 71, 70, 82, 99, 124, 155, 190, 226, 262, 293, 315, 325, 327, 320, 303, 282, 255, 226], "all_points_y": [32, 37, 47, 64, 88, 116, 145, 180, 216, 246, 269, 285, 293, 291, 276, 254, 223, 188, 154, 116, 83, 64, 45, 35]}, "region_attributes": {}}}}, "road101": {"fileref": "", "size": 163020, "filename": "road101.png", "base64_img_data": "", "file_attributes": "", "regions": {"0": {"shape_attributes": {"name": "polygon", "all_points_x": [290, 263, 238, 220, 208, 203, 203, 210, 221, 238, 260, 288, 315, 343, 366, 378, 387, 391, 388, 373, 356, 339, 314], "all_points_y": [8, 12, 24, 42, 62, 82, 102, 127, 150, 165, 180, 185, 185, 178, 160, 144, 122, 99, 73, 50, 32, 19, 10]}, "region_attributes": {}}}}, "road102": {"fileref": "", "size": 99806, "filename": "road102.png", "base64_img_data": "", "file_attributes": "", "regions": {"0": {"shape_attributes": {"name": "polygon", "all_points_x": [134, 107, 84, 64, 51, 42, 39, 41, 49, 58, 74, 92, 111, 133, 159, 179, 201, 220, 232, 236, 
237, 230, 220, 206, 190, 169, 150], "all_points_y": [45, 48, 60, 77, 94, 116, 138, 161, 184, 202, 217, 230, 238, 242, 240, 233, 219, 199, 176, 156, 131, 108, 88, 73, 59, 48, 45]}, "region_attributes": {}}}}, "road103": {"fileref": "", "size": 132153, "filename": "road103.png", "base64_img_data": "", "file_attributes": "", "regions": {"0": {"shape_attributes": {"name": "polygon", "all_points_x": [180, 156, 129, 111, 97, 
91, 92, 98, 111, 126, 147, 172, 200, 227, 253, 274, 288, 295, 296, 290, 278, 264, 247, 225, 203], "all_points_y": [28, 29, 38, 57, 83, 108, 140, 167, 195, 220, 241, 258, 268, 270, 263, 248, 226, 199, 173, 139, 109, 85, 64, 46, 34]}, "region_attributes": {}}}}, "road104": {"fileref": "", "size": 160082, "filename": "road104.png", "base64_img_data": "", "file_attributes": "", "regions": {"0": {"shape_attributes": {"name": "polygon", "all_points_x": [219, 181, 146, 115, 84, 67, 54, 49, 49, 53, 63, 78, 98, 118, 144, 172, 206, 241, 269, 295, 318, 332, 341, 341, 335, 321, 302, 278, 252], "all_points_y": [21, 19, 30, 47, 76, 107, 140, 164, 195, 223, 255, 280, 306, 325, 336, 343, 343, 336, 321, 299, 270, 237, 201, 162, 124, 91, 66, 43, 28]}, "region_attributes": {}}}}, "road105": {"fileref": "", "size": 153946, "filename": "road105.png", "base64_img_data": "", "file_attributes": "", "regions": {"0": {"shape_attributes": {"name": "polygon", "all_points_x": [185, 154, 121, 95, 72, 52, 39, 33, 34, 43, 60, 86, 114, 145, 181, 215, 243, 264, 276, 276, 265, 245, 215], "all_points_y": [148, 150, 158, 170, 189, 210, 236, 264, 292, 318, 342, 358, 370, 372, 367, 352, 328, 301, 269, 229, 199, 175, 156]}, "region_attributes": {}}}}, "road106": {"fileref": "", "size": 171405, "filename": "road106.png", "base64_img_data": "", "file_attributes": "", "regions": {"0": {"shape_attributes": {"name": "polygon", "all_points_x": [136, 127, 116, 110, 107, 108, 110, 117, 127, 140, 149, 157, 161, 164, 165, 162, 156, 150, 143], "all_points_y": [153, 154, 161, 
171, 182, 193, 206, 217, 226, 229, 225, 219, 210, 200, 189, 179, 167, 159, 154]}, "region_attributes": {}}}}, "road107": {"fileref": "", "size": 229266, "filename": "road107.png", "base64_img_data": "", "file_attributes": "", "regions": {"0": {"shape_attributes": {"name": "polygon", "all_points_x": [172, 149, 127, 109, 97, 94, 96, 103, 113, 126, 144, 162, 182, 206, 222, 229, 229, 223, 212, 197], "all_points_y": [47, 38, 40, 53, 76, 101, 127, 155, 176, 195, 212, 225, 232, 227, 208, 181, 148, 118, 95, 70]}, "region_attributes": {}}}}, "road108": {"fileref": "", "size": 173124, "filename": "road108.png", "base64_img_data": "", "file_attributes": "", "regions": {"0": {"shape_attributes": {"name": "polygon", "all_points_x": [183, 179, 176, 175, 178, 181, 184, 186, 186, 185], "all_points_y": [129, 129, 131, 135, 138, 139, 138, 136, 132, 131]}, "region_attributes": {}}}}, "road109": {"fileref": "", "size": 157560, "filename": "road109.png", "base64_img_data": "", "file_attributes": "", "regions": {"0": {"shape_attributes": {"name": "polygon", "all_points_x": [264, 258, 252, 248, 245, 245, 248, 253, 259, 266, 272, 275, 275, 272, 268], "all_points_y": [122, 122, 125, 129, 133, 140, 146, 150, 152, 151, 145, 140, 133, 128, 124]}, "region_attributes": {}}}}, "road110": {"fileref": "", "size": 309064, "filename": "road110.png", "base64_img_data": "", "file_attributes": "", "regions": {"0": {"shape_attributes": {"name": "polygon", "all_points_x": [301, 275, 251, 229, 214, 207, 204, 206, 215, 228, 244, 266, 290, 312, 332, 351, 363, 371, 373, 365, 356, 341, 319], "all_points_y": [13, 14, 21, 35, 53, 73, 94, 114, 132, 148, 161, 170, 172, 168, 159, 144, 128, 108, 86, 61, 46, 31, 20]}, "region_attributes": {}}}}, "road111": {"fileref": "", "size": 209028, "filename": "road111.png", "base64_img_data": "", "file_attributes": "", "regions": {"0": {"shape_attributes": {"name": "polygon", "all_points_x": [76, 64, 52, 44, 39, 38, 39, 44, 52, 63, 73, 81, 89, 96, 98, 97, 93, 86], "all_points_y": [95, 95, 99, 106, 115, 127, 138, 146, 154, 158, 159, 155, 149, 142, 131, 119, 108, 100]}, "region_attributes": 
{}}}}, "road112": {"fileref": "", "size": 209307, "filename": "road112.png", "base64_img_data": "", "file_attributes": "", "regions": {"0": {"shape_attributes": {"name": "polygon", "all_points_x": [214, 198, 182, 169, 159, 152, 147, 145, 143, 145, 149, 159, 170, 184, 201, 218, 235, 246, 254, 263, 267, 266, 261, 254, 244, 232], "all_points_y": [17, 17, 21, 29, 38, 49, 60, 69, 83, 99, 112, 128, 137, 144, 147, 146, 138, 130, 119, 105, 91, 71, 57, 44, 33, 24]}, "region_attributes": {}}}}, "road113": {"fileref": "", "size": 182779, "filename": "road113.png", "base64_img_data": "", "file_attributes": "", "regions": {"0": {"shape_attributes": {"name": "polygon", "all_points_x": [250, 233, 215, 201, 190, 181, 176, 175, 180, 188, 200, 215, 232, 252, 272, 287, 297, 304, 306, 307, 306, 299, 289, 275, 262], "all_points_y": [40, 42, 48, 57, 70, 87, 104, 124, 144, 159, 171, 180, 186, 186, 177, 163, 148, 133, 118, 101, 85, 71, 59, 49, 42]}, "region_attributes": {}}}}, "road114": {"fileref": "", "size": 186226, "filename": "road114.png", "base64_img_data": "", "file_attributes": "", "regions": {"0": {"shape_attributes": {"name": "polygon", "all_points_x": [294, 284, 270, 260, 257, 256, 262, 272, 285, 296, 308, 317, 321, 321, 316, 306], "all_points_y": [37, 37, 41, 
52, 62, 77, 88, 97, 101, 101, 95, 86, 73, 59, 48, 42]}, "region_attributes": {}}}}, "road115": {"fileref": "", "size": 224775, "filename": "road115.png", "base64_img_data": "", "file_attributes": "", "regions": {"0": {"shape_attributes": {"name": "polygon", "all_points_x": [194, 181, 172, 164, 158, 152, 147, 145, 143, 143, 146, 150, 156, 163, 171, 181, 191, 203, 213, 222, 231, 237, 241, 244, 244, 241, 236, 232, 226, 215, 205], "all_points_y": [66, 66, 69, 74, 79, 85, 92, 101, 111, 121, 131, 138, 146, 152, 156, 159, 160, 159, 156, 151, 142, 135, 126, 116, 105, 96, 88, 81, 75, 69, 66]}, "region_attributes": {}}}}, "road116": {"fileref": "", "size": 153417, "filename": "road116.png", "base64_img_data": "", "file_attributes": "", "regions": {"0": {"shape_attributes": {"name": "polygon", "all_points_x": [352, 345, 338, 332, 327, 321, 318, 
314, 313, 314, 316, 318, 323, 328, 334, 340, 346, 352, 358, 362, 365, 367, 366, 364, 360], "all_points_y": [33, 32, 32, 34, 37, 41, 46, 51, 59, 65, 69, 72, 75, 77, 78, 78, 77, 75, 70, 65, 60, 54, 47, 42, 37]}, "region_attributes": {}}}}, "road117": {"fileref": "", "size": 191115, "filename": "road117.png", "base64_img_data": "", "file_attributes": "", "regions": {"0": {"shape_attributes": {"name": "polygon", "all_points_x": [268, 259, 252, 246, 239, 235, 232, 229, 227, 225, 225, 226, 228, 231, 235, 239, 243, 249, 254, 259, 265, 271, 276, 280, 283, 285, 286, 
286, 285, 284, 281, 277, 273], "all_points_y": [34, 33, 35, 39, 43, 47, 52, 59, 65, 70, 76, 82, 87, 92, 97, 99, 101, 102, 102, 102, 99, 95, 91, 85, 79, 74, 68, 61, 54, 50, 44, 39, 36]}, "region_attributes": {}}}}, "road118": {"fileref": "", "size": 161248, "filename": "road118.png", "base64_img_data": "", "file_attributes": "", "regions": {"0": {"shape_attributes": {"name": "polygon", "all_points_x": [294, 278, 266, 254, 245, 234, 226, 218, 210, 205, 201, 197, 194, 193, 192, 194, 196, 201, 208, 216, 224, 237, 248, 261, 270, 280, 292, 304, 317, 330, 342, 353, 363, 372, 378, 383, 386, 388, 388, 386, 382, 376, 368, 361, 351, 339, 328, 317, 304], "all_points_y": [20, 20, 23, 27, 31, 38, 46, 53, 63, 72, 81, 93, 103, 114, 126, 137, 149, 161, 174, 185, 195, 204, 210, 214, 217, 219, 219, 217, 214, 208, 201, 194, 185, 172, 163, 151, 140, 125, 
112, 95, 81, 68, 56, 47, 38, 30, 26, 23, 20]}, "region_attributes": {}}}}, "road119": {"fileref": "", "size": 230070, "filename": "road119.png", "base64_img_data": "", "file_attributes": "", "regions": {"0": {"shape_attributes": {"name": "polygon", "all_points_x": [282, 276, 268, 261, 255, 248, 243, 238, 234, 231, 229, 228, 228, 230, 232, 235, 240, 246, 252, 258, 266, 275, 284, 293, 303, 310, 317, 322, 328, 332, 334, 335, 334, 330, 325, 319, 312, 305, 297, 289], "all_points_y": [34, 34, 35, 38, 41, 46, 50, 56, 63, 71, 78, 85, 94, 101, 109, 115, 122, 128, 133, 137, 140, 142, 142, 141, 137, 134, 128, 123, 114, 105, 97, 87, 76, 66, 56, 49, 44, 39, 36, 34]}, "region_attributes": {}}}}, "road121": {"fileref": "", "size": 135664, "filename": "road121.png", "base64_img_data": "", "file_attributes": "", "regions": {"0": {"shape_attributes": {"name": "polygon", "all_points_x": [273, 260, 247, 233, 220, 209, 200, 189, 182, 175, 167, 163, 161, 159, 159, 161, 167, 173, 
180, 190, 204, 216, 229, 243, 255, 270, 285, 297, 310, 323, 339, 351, 361, 368, 373, 377, 379, 379, 377, 372, 365, 355, 342, 330, 318, 305, 290], "all_points_y": [28, 29, 31, 35, 40, 45, 52, 62, 72, 83, 97, 108, 121, 136, 150, 166, 181, 192, 204, 215, 226, 234, 240, 245, 246, 248, 
246, 245, 239, 234, 223, 211, 198, 187, 175, 161, 147, 131, 114, 99, 83, 70, 57, 47, 41, 35, 31]}, "region_attributes": {}}},"road122": {"fileref": "", "size": 163368, "filename": "road122.png", "base64_img_data": "", "file_attributes": "", "regions": {"0": {"shape_attributes": {"name": "polygon", "all_points_x": [40, 125, 195], "all_points_y": [197, 50, 182]}, "region_attributes": {}}}}, "road123": {"fileref": "", "size": 194814, "filename": "road123.png", "base64_img_data": "", "file_attributes": "", "regions": {"0": {"shape_attributes": {"name": "polygon", "all_points_x": [160, 210, 259], "all_points_y": [172, 84, 171]}, "region_attributes": {}}}}, "road124": {"fileref": "", "size": 283655, "filename": "road124.png", "base64_img_data": "", "file_attributes": "", "regions": {"0": {"shape_attributes": {"name": "polygon", "all_points_x": [94, 130, 189], "all_points_y": [228, 152, 243]}, "region_attributes": {}}}}, "road125": {"fileref": "", "size": 210598, "filename": "road125.png", "base64_img_data": "", "file_attributes": "", "regions": {"0": {"shape_attributes": {"name": "polygon", "all_points_x": [22, 93, 162], "all_points_y": [135, 36, 135]}, "region_attributes": {}}}}, "road126": {"fileref": "", "size": 207762, "filename": "road126.png", "base64_img_data": "", "file_attributes": "", "regions": {"0": {"shape_attributes": {"name": "polygon", "all_points_x": [114, 140, 169], "all_points_y": [149, 107, 166]}, "region_attributes": {}}}}, "road127": {"fileref": "", "size": 287590, "filename": "road127.png", "base64_img_data": "", "file_attributes": "", "regions": {"0": {"shape_attributes": {"name": "polygon", "all_points_x": [274, 291, 308], "all_points_y": [90, 61, 90]}, "region_attributes": {}}}}, "road128": {"fileref": "", "size": 216026, "filename": "road128.png", "base64_img_data": "", "file_attributes": "", "regions": {"0": {"shape_attributes": {"name": "polygon", "all_points_x": [231, 274, 318], "all_points_y": [158, 74, 155]}, "region_attributes": {}}}}, "road129": {"fileref": "", "size": 213769, "filename": "road129.png", "base64_img_data": "", "file_attributes": "", "regions": {"0": {"shape_attributes": {"name": "polygon", "all_points_x": [117, 163, 205], "all_points_y": [153, 87, 152]}, "region_attributes": {}}}}, "road130": {"fileref": "", "size": 269916, "filename": "road130.png", "base64_img_data": "", "file_attributes": "", "regions": {"0": {"shape_attributes": {"name": "polygon", "all_points_x": [306, 317, 328], "all_points_y": [149, 132, 150]}, "region_attributes": {}}, "1": {"shape_attributes": {"name": "polygon", "all_points_x": [164, 172, 182], "all_points_y": [47, 31, 47]}, "region_attributes": {}}}}, "road131": {"fileref": "", "size": 224191, "filename": "road131.png", "base64_img_data": "", "file_attributes": "", "regions": {"0": 
{"shape_attributes": {"name": "polygon", "all_points_x": [299, 308, 318], "all_points_y": [139, 121, 138]}, "region_attributes": {}}, "1": {"shape_attributes": {"name": "polygon", "all_points_x": [156, 166, 175], "all_points_y": [26, 10, 27]}, "region_attributes": {}}}}, "road132": {"fileref": "", "size": 203494, "filename": "road132.png", "base64_img_data": "", "file_attributes": "", "regions": {"0": {"shape_attributes": {"name": "polygon", "all_points_x": [188, 214, 241], "all_points_y": [70, 26, 70]}, "region_attributes": {}}}}, "road133": {"fileref": "", "size": 179866, "filename": "road133.png", "base64_img_data": "", "file_attributes": "", "regions": {"0": {"shape_attributes": {"name": "polygon", "all_points_x": [116, 161, 210], "all_points_y": [142, 62, 142]}, "region_attributes": {}}}}, "road134": {"fileref": "", "size": 170280, "filename": "road134.png", "base64_img_data": "", "file_attributes": "", "regions": {"0": {"shape_attributes": {"name": "polygon", "all_points_x": [210, 248, 322], "all_points_y": [194, 86, 158]}, "region_attributes": {}}}}, "road135": {"fileref": "", "size": 95186, "filename": 
"road135.png", "base64_img_data": "", "file_attributes": "", "regions": {"0": {"shape_attributes": {"name": "polygon", "all_points_x": [232, 
279, 350], "all_points_y": [150, 88, 134]}, "region_attributes": {}}}}, "road136": {"fileref": "", "size": 188632, "filename": "road136.png", "base64_img_data": "", "file_attributes": "", "regions": {"0": {"shape_attributes": {"name": "polygon", "all_points_x": [302, 316, 333], "all_points_y": [106, 75, 104]}, "region_attributes": {}}}}, "road137": {"fileref": "", "size": 90493, "filename": "road137.png", "base64_img_data": "", "file_attributes": "", "regions": {"0": {"shape_attributes": {"name": "polygon", "all_points_x": [212, 268, 327], "all_points_y": [144, 43, 142]}, "region_attributes": {}}}}, "road138": {"fileref": "", "size": 248374, "filename": "road138.png", "base64_img_data": "", "file_attributes": "", "regions": {"0": {"shape_attributes": {"name": "polygon", "all_points_x": [174, 198, 225], "all_points_y": [115, 69, 114]}, "region_attributes": {}}}}, "road139": {"fileref": "", "size": 146081, "filename": "road139.png", "base64_img_data": "", "file_attributes": 
"", "regions": {"0": {"shape_attributes": {"name": "polygon", "all_points_x": [123, 215, 302], "all_points_y": [176, 60, 166]}, "region_attributes": {}}}}, "road140": {"fileref": "", "size": 236351, "filename": "road140.png", "base64_img_data": "", "file_attributes": "", "regions": {"0": {"shape_attributes": {"name": "polygon", "all_points_x": [113, 129, 150], "all_points_y": [115, 83, 115]}, "region_attributes": {}}}}, "road141": {"fileref": "", "size": 119166, "filename": "road141.png", "base64_img_data": "", "file_attributes": "", "regions": {"0": {"shape_attributes": {"name": "polygon", "all_points_x": [154, 196, 241], "all_points_y": [146, 78, 148]}, "region_attributes": {}}}}, "road142": {"fileref": "", "size": 161760, "filename": "road142.png", "base64_img_data": "", "file_attributes": "", "regions": {"0": {"shape_attributes": 
{"name": "polygon", "all_points_x": [97, 148, 200], "all_points_y": [194, 111, 203]}, "region_attributes": {}}}}, "road143": {"fileref": "", 
"size": 158888, "filename": "road143.png", "base64_img_data": "", "file_attributes": "", "regions": {"0": {"shape_attributes": {"name": "polygon", "all_points_x": [42, 93, 142], "all_points_y": [164, 79, 166]}, "region_attributes": {}}}}, "road144": {"fileref": "", "size": 147441, 
"filename": "road144.png", "base64_img_data": "", "file_attributes": "", "regions": {"0": {"shape_attributes": {"name": "polygon", "all_points_x": [117, 207, 312], "all_points_y": [178, 46, 145]}, "region_attributes": {}}}}, "road145": {"fileref": "", "size": 174818, "filename": "road145.png", "base64_img_data": "", "file_attributes": "", "regions": {"0": {"shape_attributes": {"name": "polygon", "all_points_x": [141, 195, 249], "all_points_y": [136, 38, 136]}, "region_attributes": {}}}}, "road146": {"fileref": "", "size": 59478, "filename": "road146.png", "base64_img_data": "", "file_attributes": "", "regions": {"0": {"shape_attributes": {"name": "polygon", "all_points_x": [146, 200, 258], "all_points_y": [118, 30, 117]}, "region_attributes": {}}}}, "road147": {"fileref": "", "size": 174819, "filename": "road147.png", "base64_img_data": "", "file_attributes": "", "regions": {"0": {"shape_attributes": {"name": "polygon", "all_points_x": [141, 195, 249], "all_points_y": [137, 40, 136]}, "region_attributes": {}}}}, "road148": {"fileref": "", "size": 120272, "filename": "road148.png", "base64_img_data": "", "file_attributes": "", "regions": {"0": {"shape_attributes": {"name": "polygon", "all_points_x": [218, 250, 291], "all_points_y": [163, 83, 139]}, "region_attributes": {}}}}, "road149": {"fileref": "", "size": 155005, "filename": "road149.png", "base64_img_data": "", "file_attributes": "", "regions": {"0": {"shape_attributes": {"name": "polygon", "all_points_x": [139, 203, 263], "all_points_y": [128, 47, 130]}, "region_attributes": {}}}}, "road150": {"fileref": "", "size": 105450, "filename": "road150.png", "base64_img_data": "", "file_attributes": "", "regions": {"0": {"shape_attributes": {"name": "polygon", "all_points_x": [186, 234, 291], "all_points_y": [156, 64, 151]}, "region_attributes": {}}}}, "road151": {"fileref": "", "size": 128150, "filename": "road151.png", "base64_img_data": "", "file_attributes": "", "regions": {"0": {"shape_attributes": {"name": "polygon", "all_points_x": [153, 210, 259], "all_points_y": [145, 56, 163]}, "region_attributes": {}}}}, "road152": {"fileref": "", "size": 185934, "filename": "road152.png", "base64_img_data": "", "file_attributes": "", "regions": {"0": {"shape_attributes": {"name": "polygon", "all_points_x": [134, 199, 265], "all_points_y": [156, 47, 159]}, "region_attributes": {}}}}, "road153": {"fileref": "", "size": 267950, "filename": "road153.png", "base64_img_data": "", "file_attributes": "", "regions": {"0": {"shape_attributes": {"name": "polygon", "all_points_x": [133, 252, 336], "all_points_y": [228, 40, 247]}, "region_attributes": {}}}}, "road154": {"fileref": "", "size": 193486, 
"filename": "road154.png", "base64_img_data": "", "file_attributes": "", "regions": {"0": {"shape_attributes": {"name": "polygon", "all_points_x": [359, 367, 376], "all_points_y": [99, 84, 99]}, "region_attributes": {}}, "1": {"shape_attributes": {"name": "polygon", "all_points_x": [85, 89, 94], "all_points_y": [117, 109, 117]}, "region_attributes": {}}}}, "road155": {"fileref": "", "size": 77625, "filename": "road155.png", "base64_img_data": "", "file_attributes": "", "regions": {"0": {"shape_attributes": {"name": "polygon", "all_points_x": [62, 117, 176], 
"all_points_y": [213, 129, 212]}, "region_attributes": {}}}}, "road156": {"fileref": "", "size": 205582, "filename": "road156.png", "base64_img_data": "", "file_attributes": "", "regions": {"0": {"shape_attributes": {"name": "polygon", "all_points_x": [192, 277, 374], "all_points_y": [119, 23, 170]}, "region_attributes": {}}}}}, "road181": {"fileref": "", "size": 248393, "filename": "road181.png", "base64_img_data": "", "file_attributes": "", "regions": {"0": {"shape_attributes": {"name": "polygon", "all_points_x": [235, 230, 235], "all_points_y": [162, 168, 168]}, "region_attributes": {}}, "1": {"shape_attributes": {"name": "polygon", "all_points_x": [240, 238, 238, 240, 242], "all_points_y": [162, 165, 167, 169, 166]}, "region_attributes": {}}}},"road259": {"fileref": "", "size": 404480, "filename": "road259.png", "base64_img_data": "", "file_attributes": "", "regions": {"0": {"shape_attributes": {"name": "polygon", "all_points_x": [182, 174, 167, 161, 154, 148, 144, 141, 140, 141, 143, 146, 150, 156, 163, 170, 179, 186, 
193, 201, 206, 211, 213, 214, 212, 209, 204, 199, 194, 188], "all_points_y": [67, 66, 66, 69, 73, 77, 83, 90, 96, 103, 110, 117, 122, 128, 132, 135, 137, 137, 135, 130, 125, 118, 111, 102, 94, 87, 81, 76, 72, 69]}, "region_attributes": {}}}}, "road260": {"fileref": "", "size": 288203, "filename": "road260.png", "base64_img_data": "", "file_attributes": "", "regions": {"0": {"shape_attributes": {"name": "polygon", "all_points_x": [169, 162, 157, 151, 147, 144, 141, 138, 136, 134, 132, 131, 130, 130, 131, 132, 134, 138, 143, 148, 153, 159, 165, 171, 177, 182, 
187, 191, 193, 195, 195, 195, 193, 191, 188, 185, 180, 175], "all_points_y": [128, 129, 131, 133, 136, 139, 142, 146, 149, 152, 157, 161, 166, 171, 177, 182, 187, 192, 196, 199, 201, 201, 200, 198, 195, 191, 184, 180, 173, 167, 161, 155, 149, 144, 139, 135, 131, 129]}, "region_attributes": {}}}}, "road261": {"fileref": "", "size": 347289, "filename": "road261.png", "base64_img_data": "", "file_attributes": "", "regions": {"0": {"shape_attributes": {"name": "polygon", "all_points_x": [226, 222, 218, 214, 212, 209, 207, 206, 204, 202, 202, 202, 202, 203, 205, 
207, 210, 213, 217, 221, 224, 228, 230, 232, 234, 235, 236, 235, 234, 232, 230], "all_points_y": [63, 62, 62, 63, 65, 67, 69, 72, 75, 78, 81, 84, 88, 91, 94, 97, 99, 100, 100, 100, 99, 96, 93, 90, 87, 83, 79, 74, 71, 68, 66]}, "region_attributes": {}}}}, "road262": {"fileref": "", 
"size": 238100, "filename": "road262.png", "base64_img_data": "", "file_attributes": "", "regions": {"0": {"shape_attributes": {"name": "polygon", "all_points_x": [124, 120, 115, 112, 109, 107, 106, 106, 106, 108, 111, 114, 118, 121, 124, 127, 130, 131, 133, 133, 132, 131, 130, 127], "all_points_y": [142, 142, 142, 143, 145, 147, 151, 155, 159, 162, 165, 166, 167, 167, 167, 166, 164, 161, 158, 155, 152, 149, 147, 144]}, "region_attributes": {}}}}, "road263": {"fileref": "", "size": 285139, "filename": "road263.png", "base64_img_data": "", "file_attributes": 
"", "regions": {"0": {"shape_attributes": {"name": "polygon", "all_points_x": [180, 176, 170, 165, 159, 153, 148, 142, 138, 133, 130, 127, 125, 124, 123, 125, 128, 133, 139, 145, 153, 161, 169, 173, 178, 181, 185, 187, 187, 185, 182], "all_points_y": [146, 143, 139, 138, 137, 138, 
140, 143, 147, 151, 156, 162, 168, 175, 182, 191, 198, 202, 206, 207, 208, 207, 203, 198, 194, 188, 181, 172, 165, 156, 150]}, "region_attributes": {}}}}, "road264": {"fileref": "", "size": 362597, "filename": "road264.png", "base64_img_data": "", "file_attributes": "", "regions": 
{"0": {"shape_attributes": {"name": "polygon", "all_points_x": [179, 173, 167, 161, 155, 150, 146, 143, 141, 139, 138, 138, 140, 142, 146, 151, 156, 162, 168, 173, 178, 182, 186, 190, 192, 194, 194, 193, 190, 186, 183], "all_points_y": [157, 154, 153, 153, 154, 157, 160, 164, 168, 
173, 178, 186, 191, 196, 201, 204, 207, 209, 210, 209, 207, 205, 201, 196, 190, 185, 178, 173, 168, 163, 160]}, "region_attributes": {}}}}, "road265": {"fileref": "", "size": 361654, "filename": "road265.png", "base64_img_data": "", "file_attributes": "", "regions": {"0": {"shape_attributes": {"name": "polygon", "all_points_x": [166, 162, 158, 154, 150, 147, 144, 143, 142, 141, 141, 141, 141, 142, 144, 147, 149, 152, 156, 159, 162, 165, 168, 170, 172, 172, 172, 172, 171, 170, 168], "all_points_y": [242, 239, 238, 238, 238, 240, 243, 245, 248, 251, 254, 258, 
261, 263, 266, 268, 270, 272, 273, 272, 272, 270, 268, 265, 262, 258, 255, 252, 249, 246, 244]}, "region_attributes": {}}}}, "road266": {"fileref": "", "size": 244324, "filename": "road266.png", "base64_img_data": "", "file_attributes": "", "regions": {"0": {"shape_attributes": {"name": "polygon", "all_points_x": [162, 158, 154, 150, 147, 144, 141, 139, 137, 136, 135, 135, 135, 137, 139, 141, 144, 147, 151, 155, 158, 161, 165, 168, 170, 173, 173, 174, 173, 172, 171, 170, 168, 165], "all_points_y": [114, 112, 112, 111, 112, 114, 116, 118, 121, 124, 128, 132, 
135, 139, 142, 145, 148, 150, 152, 152, 152, 152, 150, 148, 144, 141, 138, 134, 130, 126, 124, 121, 118, 116]}, "region_attributes": {}}}}, "road267": {"fileref": "", "size": 238924, "filename": "road267.png", "base64_img_data": "", "file_attributes": "", "regions": {"0": {"shape_attributes": {"name": "polygon", "all_points_x": [128, 125, 120, 116, 111, 108, 105, 102, 100, 100, 100, 100, 102, 104, 108, 111, 115, 120, 124, 127, 130, 133, 135, 135, 135, 135, 133, 131, 129], "all_points_y": [124, 121, 120, 120, 120, 122, 124, 128, 131, 136, 140, 144, 147, 149, 
152, 154, 156, 156, 156, 154, 152, 148, 145, 141, 136, 133, 130, 127, 125]}, "region_attributes": {}}}}, "road268": {"fileref": "", "size": 237751, "filename": "road268.png", "base64_img_data": "", "file_attributes": "", "regions": {"0": {"shape_attributes": {"name": "polygon", "all_points_x": [113, 110, 106, 103, 100, 98, 96, 95, 96, 97, 99, 102, 105, 108, 113, 117, 120, 123, 125, 125, 125, 123, 121, 119, 116], "all_points_y": [128, 128, 128, 129, 131, 133, 136, 141, 146, 148, 152, 155, 156, 157, 157, 156, 154, 150, 147, 144, 140, 137, 134, 132, 130]}, "region_attributes": {}}}}, "road269": {"fileref": "", "size": 410488, "filename": "road269.png", "base64_img_data": "", "file_attributes": "", "regions": {"0": {"shape_attributes": {"name": "polygon", "all_points_x": [190, 180, 172, 164, 158, 150, 145, 142, 139, 138, 139, 142, 147, 152, 158, 168, 176, 185, 192, 199, 206, 213, 217, 219, 220, 218, 214, 210, 206, 199], "all_points_y": [113, 111, 112, 113, 116, 121, 127, 134, 
141, 151, 159, 166, 172, 179, 185, 190, 192, 192, 191, 189, 183, 176, 169, 160, 151, 143, 136, 128, 123, 118]}, "region_attributes": {}}}},"road271": {"fileref": "", "size": 365134, "filename": "road271.png", "base64_img_data": "", "file_attributes": "", "regions": {"0": {"shape_attributes": {"name": "polygon", "all_points_x": [166, 160, 155, 149, 143, 138, 134, 131, 128, 127, 127, 128, 131, 134, 137, 141, 145, 150, 
155, 159, 163, 167, 170, 172, 172, 170, 168], "all_points_y": [176, 172, 170, 169, 170, 172, 175, 180, 184, 188, 193, 198, 203, 207, 210, 212, 214, 214, 214, 212, 209, 204, 201, 195, 188, 183, 180]}, "region_attributes": {}}}},"road273": {"fileref": "", "size": 352473, "filename": "road273.png", "base64_img_data": "", "file_attributes": "", "regions": {"0": {"shape_attributes": {"name": "polygon", "all_points_x": [146, 144, 142, 139, 135, 131, 127, 124, 120, 117, 115, 114, 113, 113, 114, 116, 120, 124, 
128, 134, 137, 141, 145, 146, 147, 147], "all_points_y": [200, 197, 194, 192, 191, 190, 190, 192, 193, 195, 199, 202, 206, 210, 214, 218, 220, 222, 224, 224, 223, 221, 216, 213, 208, 204]}, "region_attributes": {}}}}, "road274": {"fileref": "", "size": 394921, "filename": "road274.png", "base64_img_data": "", "file_attributes": "", "regions": {"0": {"shape_attributes": {"name": "polygon", "all_points_x": [204, 199, 194, 189, 186, 182, 178, 174, 172, 169, 167, 166, 165, 165, 165, 167, 168, 170, 171, 174, 178, 181, 184, 188, 193, 197, 202, 206, 209, 212, 214, 
217, 218, 218, 219, 219, 217, 215, 214, 211, 208], "all_points_y": [276, 273, 272, 271, 272, 273, 275, 278, 281, 285, 289, 294, 298, 302, 306, 309, 313, 316, 318, 321, 324, 326, 328, 329, 330, 330, 328, 326, 324, 321, 318, 314, 310, 307, 302, 297, 293, 289, 285, 282, 279]}, "region_attributes": {}}}},"road290": {"fileref": "", "size": 298968, "filename": "road290.png", "base64_img_data": "", "file_attributes": "", "regions": {"0": {"shape_attributes": {"name": "polygon", "all_points_x": [156, 150, 143, 137, 130, 124, 119, 115, 111, 109, 108, 108, 108, 110, 113, 116, 122, 127, 
132, 138, 144, 151, 158, 161, 164, 166, 169, 171, 172, 172, 170, 168, 164, 161], "all_points_y": [161, 158, 156, 157, 158, 160, 164, 168, 172, 177, 184, 189, 195, 200, 208, 212, 216, 219, 220, 222, 222, 220, 216, 213, 210, 207, 202, 195, 189, 184, 178, 174, 170, 166]}, "region_attributes": {}}}},"road309": {"fileref": "", "size": 370666, "filename": "road309.png", "base64_img_data": "", "file_attributes": "", "regions": {"0": {"shape_attributes": {"name": "polygon", "all_points_x": [181, 176, 168, 160, 154, 149, 142, 135, 130, 127, 126, 125, 128, 132, 137, 142, 148, 157, 
165, 174, 178, 185, 190, 193, 195, 196, 195, 193, 190, 187], "all_points_y": [93, 91, 89, 87, 88, 89, 91, 98, 104, 112, 120, 128, 135, 141, 146, 150, 154, 157, 157, 154, 151, 145, 140, 134, 128, 121, 113, 108, 103, 98]}, "region_attributes": {}}}}}